Page URL,Page Type,Current Title,New Title,Current Meta Desc,New Meta Desc,H1,H2s,Schema Type,Alt Text Done,Internal Links Added,Canonical Set,Status,Priority
/,Homepage,Online Shopping Sarees And Ethnic Wear For Women – KCPC Bandhani,"Buy Bandhani Saree & Lehenga Online India | KCPC Bandhani — Since 1978",Shop Trending Sarees Lehengas Dupattas Bandhani Sarees...,Shop 500+ Bandhani Sarees Lehengas Dupattas Ethnic Wear at KCPC Bandhani Since 1978 Free Shipping COD,Premium Bandhani Sarees & Ethnic Wear — Handcrafted in India,[Shop by Category][Best Sellers][Our Heritage][Customer Reviews],Organization WebSite BreadcrumbList,NO,NO,NO,TODO,P1
/collections/bandhani-saree,Collection,(auto),(TBD),,,Bandhani Sarees — Authentic Tie-Dye Elegance,[What is Bandhani][Types of Bandhani][Shop by Fabric][Shop by Occasion][FAQs],CollectionPage BreadcrumbList FAQ,NO,NO,NO,TODO,P1
/collections/lehengas,Collection,(auto),(TBD),,,Lehengas for Women — Bridal Party & Festival Wear,[Types of Lehengas][Bridal Lehenga][Lehenga for Girls][Colors Guide][FAQs],CollectionPage BreadcrumbList FAQ,NO,NO,NO,TODO,P1
/collections/bandhani-dupatta,Collection,(auto),(TBD),,,Bandhani Dupattas — Traditional Rajasthani Dupattas Online,[Types of Dupattas][By Color][By Fabric][Styling Tips][FAQs],CollectionPage BreadcrumbList FAQ,NO,NO,NO,TODO,P2
/collections/salwar-suits,Collection,(auto),(TBD),,,Salwar Suits for Women — Buy Online Best Designs 2025 | KCPC Bandhani,[Types of Salwar Suits][Afghani][Punjabi][Party Wear][Casual][FAQs],CollectionPage BreadcrumbList FAQ,NO,NO,NO,TODO,P2
/collections/wedding-saree,Collection,(auto),(TBD),,,Wedding Sarees Online — Bridal & Wedding Wear Sarees | KCPC Bandhani,[Bridal Sarees][Reception Sarees][Silk Sarees][Gold Sarees][FAQs],CollectionPage BreadcrumbList FAQ,NO,NO,NO,TODO,P1
/collections/bridal-saree,Collection,(auto),(TBD),,,Bridal Sarees Online — Buy Designer Bridal Sarees | KCPC Bandhani,[Red Bridal][Silk Bridal][Banarasi][Gharchola][FAQs],CollectionPage BreadcrumbList FAQ,NO,NO,NO,TODO,P2
/collections/best-selling-products,Collection,(auto),(TBD),,,Best Selling Ethnic Wear — Trending Sarees Lehengas | KCPC Bandhani,[Top Sarees][Top Lehengas][Top Dupattas][Customer Favorites],CollectionPage BreadcrumbList,NO,NO,NO,TODO,P3
/collections/all-products,Collection,(auto),(TBD),,,Buy Ethnic Wear Online India — Sarees Lehengas Dupattas | KCPC Bandhani,[Sarees][Lehengas][Dupattas][Salwar Suits][New Arrivals],CollectionPage BreadcrumbList,NO,NO,NO,TODO,P3
/collections/sarees,Collection,(auto),(TBD),,,Sarees Online Shopping India — Designer Silk Cotton Sarees | KCPC Bandhani,[Silk Sarees][Cotton Sarees][Designer Sarees][Wedding Sarees][FAQs],CollectionPage BreadcrumbList FAQ,NO,NO,NO,TODO,P2
/blogs/kcpc-fashion-insights,Blog Home,(auto),Fashion Blog — KCPC Bandhani Insights on Bandhani Sarees & Ethnic Wear,(auto),(TBD),Fashion Insights — Bandhani Saree Guides Ethnic Wear Trends,[Recent Posts][Categories],BlogPosting BreadcrumbList,NO,NO,NO,TODO,P2
